{"cameraMode":{"drawMode":0,"name":"Shaded","section":"Shading Mode"},"sceneLighting":true,"audioPlay":false,"sceneViewState":{"showFog":true,"showMaterialUpdate":true,"showSkybox":true,"showFlares":true,"showImageEffects":true,"showParticleSystems":true},"in2DMode":false,"pivot":{"x":394.615234375,"y":8.648880004882813,"z":299.28521728515627},"rotation":{"x":-0.6205599904060364,"y":0.046216968446969989,"z":-0.036761973053216937,"w":-0.781988799571991},"size":210.1268310546875,"orthographic":false}